{"n1dx+NZv3qks526xC0hZ5Q==":"background13.jpg","oRykAiO0rUD++7AmPeEwUg==":"background1.jpg","3MPmGYpb65imOAhqqPkc0g==":"58815-blue-logo-wallpaper-sky-apple-free-transparent-image-hd-512x512.png","1yId8CSnkRNm/rR9HulQ8A==":"58815-blue-logo-wallpaper-sky-apple-free-transparent-image-hd-1-512x512.png","my7ZV09JLPCD5GsFyAn94w==":"get-to-know-apple-support-1256x707.png","Qv0V8tNoQ5Doszw4o9n4Dg==":"apple-support-help-page-1010x576.jpg","8LjddH6KR04wjQZGegGxPg==":"apple-support-help-page-1010x576.jpeg","m+Aecms6xFgj+Drrvj1UJA==":"apple-support-help-page-1-1010x576.jpeg","MQs60B6ybJ6svy2YLan6Yg==":"get-to-know-apple-support-1916x1078.png","djiwhcRx76eY7X1Yka6/Sw==":"tile-feature-applesupport-youtube-promo.image.large_2x-1695x638.png","plScHSCPICFiw5vlPDwwKA==":"images-266x189.png","XzCPyspmw2sezktdRFhWdw==":"images-1-266x189.png","gbwPxd8w1/XnHTHro/ddrg==":"apple%20logo%20transparent1-266x189.png","hKrwa8snrVJnuHYgH4JMnA==":"apple%20logo%20transparent1-266x189.png"}